897475952;BJØRNSRUD INVEST AS
897485362;Hjellen / Aarsnes Invest AS
897486482;EPOS CONSULTING AS
897488582;BYGGNORD EIENDOM AS
897499282;BUSSEXPERTEN AS
897517752;Fjeld Edutainment AS
897538032;SAMEIET STORGATA PARK
897605082;SKÅNLAND IDRETTSPARK AS
897608502;ROSTAD TRANSPORT AS
897619822;LEITEGARDEN AS
897621142;Boligsameie Himmelfjell
897641852;Kontinentalveien 24 AS
897645262;UTSYN INDUSTRIER AS
897666782;Nordisk Handel Iv AS
897671522;ØVRE KRÅKENES 51 AS
897723662;OASEN TANNLEGE-SENTER AS
897736152;SAMEIET HJORTEFARET
897742772;ROOMSERVICE AS
897754592;LOFOTSPORT AS
897761432;BLÅBYEN EIENDOM FEIRING AS
897761602;Museumsit AS
897793652;ØKORÅD SALTEN AS
897806282;STIFTELSEN OSLO WORLD MUSIC FESTIVAL
897818302;SCAN Z DIESEL AS
897819112;Logs AS
897830442;SANDVOLD MALERSERVICE AS
897836572;GARDSBRENNERIET AS
897842092;Vegard Vilnes
897856212;Postgården Mandal AS
897858282;SNIKKAR ASLE MORK AS
897876132;VESTAKSEN MJØNDALEN STADION AS
897882752;Toregarden AS
897887932;Kreditorforeningenes Driftssentral Da
897890712;LINKT AS
897898322;E Innovation Norge AS
897898942;BODØ GOLFSENTER AS
897933942;STIAN ØSTBY TRANSPORT AS
897952432;Rå Plansilo AS
897964112;PRO STÅL FLORØ AS
897990512;ALGUTO TECHNOLOGY AS
897997762;BRIAN HANSEN EFTF. AS
898005992;Midt-Troms Betongpumping AS
898021432;LILJEGRUPPEN AS
898049302;Hsk Racing AS
898057402;Webrespons Norge AS
898088952;ELDAR KRØVEL AS
898099032;EDIASSENGÅRDEN AS
898133532;EIDSGATA 49 AS
898152332;CENTRUM-EIENDOM AS
898155722;HJELPEMIDDELMESSEN SØR-ØST
898176282;FREDRIKSTAD IDRETTSMEDISIN WARPE-KINN FYSIOTERAPI
898177882;VEVANG AS
898196062;Haugaland Bioenergi AS
898196232;LINE RAMSTAD
898289982;SEKSE FORVALTNING AS
898316572;RESULTAT AS
898320022;Oeberge Invest AS
898321622;Byggmester Svensen AS
898339122;FRØKEN B AS
898347842;TRIPPEL N AS
898362442;FOSSEGRENDA 42 AS
898399192;TORE SØVIK AS
898409732;SHARECAT HOLDING AS
898433242;BABEL BARISTA OG HJEMMEBAKST AS
898467872;Creonordic Prosjekt AS
898469662;MAGNUS LARSEN AS
898478262;VBL SOGN OG FJORDANE
898498212;DLB ENTREPRISE AS
898515362;VETERINÆR SANDVE AS
898517012;GUSTERUD HOLDING AS
898533212;T L Fjellsprengning AS
898537412;BLK RÅDGIVNING BERIT KOKSVIK
898539032;GARIBALDI AS
898544052;ETS ELEKTRO AS
898551822;EGILSON AS
898568512;ERSTAD SPORT CONSULTING AS
898568822;Jung Shim AS
898579042;OSLO BUD O REN AS
898582752;Engenekvartalet AS
898591522;BULIA PLAST AS
898596192;Skogstjernen Familiebarnehage AS
898610632;SUNNDALSHALLEN AS
898631672;Hemavan City AS
898679462;Grinde Maritime Service AS
898690342;JONAS PETTERSEN AS
898709752;Amesto Accounthouse Østfold AS
898741192;SOLGAARD FISK AS
898743802;NYHEIM LODGE AS
898755592;SVEIN FJERMESTAD
898773132;BAKKEJORD HOLDING AS
898805522;LE'GANZ STRØMMEN AS
898811492;ZOLEN & MÅNEN AS
898865762;HEKTA - TROSOPPLÆRING FOR UNGDOM
898872882;STORGATA 1 HARSTAD AS
898886182;ADALIA AS
898890872;VESTAKSEN KOBBERVIKDALEN 1 AS
898894002;Sørgård - Lines Veglag
898899802;OTIUM BOLIG AS
898899942;HEIME MED HUND AS
898997332;TORE HUNDS GT 17 AS
899021312;Viso AS
899085442;Onv AS
899129792;ARILD BOGSTRAND HOLDING AS
899151372;KLOTIND AS
899208552;FULL STEAM AS
899221532;MALERLAGET AS
899237412;TEISEN EIENDOM AS
899250052;MEDUSA TJØME AS
899252292;SEARCH HOUSE AS
899259092;
899267842;SIGØS HOLDING AS
899270932;PREBEN INGE MORKEN
899271882;LOFOTEIENDOM AS
899275632;PNC Norge Infrastructure NUF
899277422;KAMPENHAUG HOLDING AS
899304942;Fotballprogresjon Norge AS
899312252;GREEN ADVENTURE AS
899327152;BIL 1 MO AS
899335392;Roy Arild Øien
899537092;JHL AS
899541642;SAGENE BRYGGERI AS
899551842;RUSTADSTUEN SPORT AS
899574672;BERGEN ENTREPRENØR AS
899575032;HØYT OG LAVT KLATREPARK HALLINGDAL AS
899591062;Frode Moen Fjellsprenging AS
899613392;PER BJØRN STORDAHL AS
910005421;AADNØY EIENDOM AS
910069268;BJØRN CORNELIUSSEN & CO
910108751;STRANDLY INVEST AS
910356844;Riberg Bygg AS
910382365;Bristol Conditori AS
910439898;PROACC AS
910454927;Gidsken Jakobsens Vei 22 AS
910467719;KÅRE BERG EIENDOMSSELSKAP AS
910581902;AS BILOMSETNINGEN
910697757;Bodø Glasmagasin AS
910859935;BRUNSVIKS EFTF AS
910909177;BØHN REGNSKAP A/S
910958089;BØE EIENDOM AS
911022346;Centrum Vinduspuss & Rengjøringsbyrå AS
911032589;KILENGATEN 25 AS
911072696;CLIPPER TRADING AS
911108860;SEV. DAHL & CO AS
911184354;Trondhjems Turistforening
911184621;DIPANOR AS
911197146;DATA DESIGN AS
911268469;E N EDIASSEN AS
911317362;EIDSVIK EIENDOM AS
911370298;STJERNEBAKKEN AS
911406640;GEORG A ELLINGSEN AS
911529246;ETNEDAL BILRUTER AS
911547147;FINSTAD RENHOLD AS
911550237;KEN-RINO JOHANSEN
911550385;CAMPUS GARDERMOEN AS
911550555;FJELLANGER HOLDING AS
911550563;CAMPUS 3 AS
911556898;Bedriftshelse Nord AS
911557177;JOHN FADNES AS
911557207;BRUMUNDDAL LEGESENTER AS
911561522;STE-TEK AS
911562073;TACU'S SERVICES
911566524;Delta Norge AS
911567717;Team Jonassen AS
911569450;Sjunkhatten Eiendom AS
911570327;PLUS TOUR AS
911571358;Mt Norbygg AS
911577321;ISHAVSBYEN EIENDOM AS
911578263;ANNA DESIGN AS
911578379;ONWEB AS
911579596;THOR FALKEVIK AS
911581701;Maridalsveien 188 Investor AS
911582295;PRAKSIS A AS
911585308;Infrastrukt AS
911587041;AAA EIENDOM AS
911589397;SAMEIE NYGATA 5
911595869;VÅRT SANDVIKA AS
911596482;SAGVEIEN BILVERKSTED AS
911599465;Kvikk-Renhold AS
911599538;MYLIFT GJØVIK AS
911600056;EN KLIPP AS
911600633;EVLI EIENDOM AS
911600986;INTERGROUP AS
911601400;PRESSWORKS AS
911604035;GREP BEDRIFTSUTVIKLING PER CHRISTIAN ROSVOLL LARSEN
911604418;VERNING AS
911608561;STEFI AS
911609592;KREMMERTORVET SPORT OG FRITID AS
911615479;Advokathuset Nord AS
911618745;ONETEC AS
911618788;Stabbursdalen Resort AS
911619733;SLOGEN EIENDOM AS
911623498;MOTION CORPORATION AS
911624281;NORBIOTECH AS
911627981;HEMSEDAL VEKSTHUS AS
911628007;HV VI INVEST AZA AS
911628937;FREWILLA SERVICES AS
911630028;TAKST SERVICE AS
911630176;HOVSVEIEN 3 AS
911630729;NORSK INNFORDRING AS
911630753;DEKK EXPRESS AS
911631466;Allhamdolilla Snacks'1 AS
911633094;FESTNINGSÅSEN EIENDOM AS
911633426;Lege Astrid Bertinussen Holm AS
911634414;GRIP GROUP AS
911638835;ML AUTO AS
911639254;NORDLYS LYD OG SCENE AS
911641100;Lothe Solutions AS
911641445;GLOMMA BOLIGPARK 1 AS
911644835;CONTRACTOR BYGG AS
911648679;PROPTECH CONSULTING AS
911648733;BEDRE ØKONOMITJENESTER AS
911649748;Teveltunet Holding AS
911650002;FISCHER KLÆR AS
911653869;AV1 LYD, LYS & SCENE AS
911655004;PRODUKTIDE AS
911657430;NORDSIDA AS
911660733;STANGNES SERVICE
911662353;STAND UP LOFOTEN AS
911662833;Styringsteknikk AS
911663759;TANN- KJEVE OG ANSIKTSKIRURGISK KLINIKK AS
911668521;Ekhaugen & Bjørneby AS
911669137;HAND M AID AS
911669161;SKJALGS REP. AS
911669269;Raglamyr Hagesenter AS
911669447;Karmøy Hagesenter AS
911671433;Sellevoll Villsau Da
911675420;ALTA LAST AS
911676028;BERITS FOTTERAPI AS
911676206;TROLLTEGN AS
911676516;BYGG OG REPARASJON AS
911676982;BLH-DOM SAFETY SOLUTIONS AS
911677911;GP MUSIKK AS
911678012;Salt Life AS
911679116;Ft-Consult AS
911679841;BRØDRENE DAHLE AS
911683652;SHOW-TEKNIKK EVENT AS
911683784;HAFJELL BYGG AS
911684292;FJELLANGER DETECTION AND TRAINING ACADEMY AS
911684748;HALLGEIR SOLBERG AS
911688883;Lekedilla AS
911689332;RAGLAMYR FORRETNINGSBYGG HOLDING AS
911689545;MHM ARTIST AS
911689898;RED WING NORWAY AS
911695685;Kvaløya Rør AS
911695731;Helgøya Klatrepark AS
911696789;AREAL 1 LEKNES AS
911696827;Hjertehagen AS
911697157;BJØRVIKA BAR OG RESTAURANTUTVIKLING AS
911697440;CETRO EIENDOM AS
911698420;BY NORTH AS
911701154;HOLMSBU BADEHOTELL AS
911701553;Inlustro Lid Scharff
911702274;HYTTEBYGGSERVICE AS
911703238;Potetbakern Drift As
911705389;TOM WOOD AS
911706563;NORSK FORENING FOR EUROPARETT
911707128;Q10 PERSONELL AS
911710021;FLATSETBAKKEN 58 AS
911711052;SAND BADE- OG CAMPINGPLASS AS
911711168;Stuss AS
911711524;Magnor Hårstudio AS
911711737;Fredensborgklinikken AS
911711818;REGNSKAP OG RÅDGIVNING ALTA AS
911711818;REGNSKAP OG RÅDGIVNING ALTA AS
911712091;THAS AS
911712148;GEOPROVIDER AS
911712644;TAKSTPARTNER EIKUM AS
911721279;STIFTINGA NORSK VILLAKSFORVALTNING
911721961;GULATING GRUPPEN AS
911722003;CODA FORMS AS
911723719;Fagernes Dialog AS
911724197;GLOBAL FLORØ AS
911726416;NARVIK SNOWBOARDKLUBB (NASK)
911727285;MØRE ENTREPRENØR AS
911728141;MALING & INTERIØR AS
911728761;DYREBUTIKKEN AS
911729091;Litanor Bygg AS
911732513;SMART REGNSKAP AS
911734265;ALNES HAGE & ANLEGGSERVICE AS
911737698;LOFOTEN VÆRØY BRYGGE AS
911738937;PEYMA EIENDOM AS
911739860;Himmelfjell Ii Boligsameie
911740672;LINKPARTNER AS
911742144;LINDA KATRIN BJAANES SØILAND
911744082;FOLKETS HUS HUNNDALEN SA
911749378;Strandvik Vekst AS
911754576;NOCO ENTREPRENØR AS
911755246;ALTIUS AS
911755785;FJORDPROFIL AS
911757834;DATO MULTI TEAM AS
911761181;TANNGLEDE HOVDA AS
911763486;FORRETNINGSTRYKK AS
911763516;M & E EIENDOM AS
911764938;TR MASKIN AS
911766043;CAMP EDI NORWAY AS
911766795;THE ARCTIC AS
911771195;WYND AS
911771292;HAUGESUND REGNSKAP AS
911780852;Altenfjord Transport AS
911783703;TØMRERFIRMA LÅGEIDE & NESBAKK AS
911786427;STEINFJORDEN SJØMAT AS
911787350;EIRIK HOAAS AS
911792168;Trollkleiva Veilag SA
911792400;Peder Christian Stubberud AS
911796465;Harvest Publishing AS
911797259;PRINSDAL APOTEK AS
911798891;FURULUND INVEST AS
911800527;ROLVSVÅGEN INVEST AS
911800942;CBR MOTORCARS AS
911801876;STAVSET BOLIG AS
911802929;FMK Holding AS
911806800;MAESTRO EIENDOM AS
911808080;RUNE ENSTAD
911808714;TOPLOGIC AS
911810271;FOTOGRAF KAROLINE O.A.PETTERSEN AS
911810972;Kuldemontørene AS
911811170;SAFRAN HOLDING AS
911812258;Scene43 AS
911814684;AGENTA AS
911815958;NEED MUSIC AS
911817527;SKOGSBILVEGLAGET REVNESTØLVEGEN SA
911818477;JUMPSTARTER AS
911818582;KLINGSHEIM HOGST & HAGE AS
911819902;LYSAKER BRYGGE HOLDING AS
911820676;VINSRYGG VVS AS
911821087;RAPIDA HOLDING AS
911822458;VIKASUND AS
911824779;Jk Bygg AS
911833190;BØNNER I BYEN AS
911835436;OLAUSSEN CONSULT AS
911837757;ChoralPractice AS
911838427;NOVO HELSE AS
911839059;BREIVIK GARTNERI AS
911839962;AKTIVITETSDOSETTEN AS
911840413;FLOWPRO AS
911840464;DELIA AS
911840626;KJERSTIN KUNST OG KLIPP AS
911840928;TEMPO KYSTFISKE AS
911841959;STIFTELSEN YOGA HJELPER BARN
911842181;HAVFRONT AS
911842742;NSN AS
911844753;Frislid Konfeksjon AS
911845172;NEBBIO AS
911845350;CYGNUS HOLDING AS
911850648;SUSHISHOP AS
911851326;HOVDAN.COM AS
911851679;1-SNEKKER AS
911852918;BEYOND MANAGEMENT AS
911853914;IRMANTAS BYGGSERVICE AS
911853981;KULTURPLAN AS
911854074;SKOTØYMAGASINET AS
911855526;OLAVSVERN GROUP AS
911856387;LAPONIE MANAGEMENT AS
911856921;MAXLOKAL.NO AS
911858614;G SERVICE ZALISKEVICIUS
911859165;RØRESTRAND CAMPING AS
911864088;SMEDPLASSEN EIENDOM AS
911864355;BJØRKØYBEKK RENSEANLEGG AS
911865300;Salong Carina Eines
911866706;STEIER - NÆSS AS
911867044;TECHCITY AS
911867273;ULLENSAKER FERDIGPLEN AS
911869691;Litanor
911869993;BRATTFJELL GÅRD SÆVARSSON
911873095;NILSEN REVISJON
911873311;WEST INSPECTION AS
911873958;SMARTE KAMPANJER AS
911874784;Holmestrand Fjordhotell AS
911875144;GRØNLUND VEL
911875179;DAVIK EIGEDOM AS
911879093;OKSENØYA BÅT AS
911879123;Bjørnøygata 26 AS
911881403;Lysaker AS
911882205;ALEXANDER OLSEN
911885433;MOEN EIENDOMSUTVIKLING AS
911885506;ECON CONSULTING GROUP AS
911886693;ØYELEGE RAGNHILD MUNKHAUG AS
911887703;BRE OG VANDRING AS
911888556;Ole Kaare Lunde
911889781;SKREIA TRIM AS
911889811;VIKEN II AS
911894122;HAVBÅRA AS
911897768;RINGBOLIG UTVIKLING AS
911899523;SKANDINAVISKE SPORTSIMPORT AS
911900785;CHR FØRE AS
911900963;EXTREME INNOVATION SPORTS AS
911905906;DIMNA GRENDAHUS SA
911908204;COOL TRANS AS
911908395;FINNEIDFJORD TANNKLINIKK AS
911912805;KRAN OG ENTREPRENØRTJENESTER AS
911913119;DJUPVIKVEIEN 15 AS
911915596;Prodev AS
911915847;ELECTRIC WEST AS
911917009;Spetals Verk AS
911918048;KOMPLETT HÅNDVERKSTJENESTER AS
911918269;GALVANO TIA AS
911919338;Nykirkebakken Eiendom AS
911921618;Fotograf Cecilie Hatløy AS
911922622;MAGAS TRANSPORT, ALIJEV RAMAZAN
911922797;Artyfy Drift AS
911922827;STAVERNFESTIVALEN AS
911927810;Løvstakken Barnehage AS
911932857;NORRØNA HOTELL EIENDOM AS
911933101;LITTKRITIKK AS
911933365;ARENANOR AS
911939223;CONSTRUCTER AS
911939819;Losen Brygge Inger Kristine Grønvold
911941899;HØNEFOSS ARENA AS
911941961;COLLINGS PRODUCTIONS AS
911942577;TIAN EIENDOM BØRGEFJELL AS
911942917;ARCTIC HARVEST AS
911943719;AS HØIFJELDSSANATORIET I GAUSDAL
911944227;SJØHAUG BYGG BODØ AS
911948052;STP FALKEN EIENDOM AS
911948974;DELEHUSET AS
911953811;LAVENDEL BLOMSTER OG INTERIØR AS
911955598;TOTA AS
911957388;KTV BYGG AS
911958678;TS EIENDOMSSERVICE AS
911959216;HEROS INVEST AS
911960036;VIKERSUND CATERING & CAFE AS
911962241;3B HYTTESERVICE AS
911962551;Pe Feeder 2013 AS
911962942;INNDYR TAXI / NORVALD MYRVOLL
911978040;2 HJERTER AS
911978482;BØLSTADVEIEN 1 AS
911978512;BE ANLEGGSDRIFT AS
911978709;Murmester Haraldseid & Husebø AS
911981696;H.H EIENDOM ALTA AS
911981955;ADVOKAT EDEL OLSEN AS
911985098;Z HÅRDESIGN AS
911985659;MUNCH DESIGN AS
911986558;Geca Eiendom AS
911986663;BERGEHYTTER AS
911988100;Brødrene Mæland Bygg & Betong AS
912000990;Takst Og Byggerådgivning AS
912001261;TENNØY TRADING AS
912002314;Virtus Advokat AS
912006433;Cargo Transport AS
912007073;TA DET PIANO AS
912009181;AS GLEA
912014231;CLASSICS.no AS
912014541;Bastards AS
912015343;Sameiget Parkvegen 11
912019187;LEFSEKJERRINGA AS
912019314;PEMAR AS
912020312;FEEL24 MO I RANA AS
912020452;BERLEVÅG BIL & BÅT SERVICE AS
912021246;SJØGATA EIENDOMSINVEST AS
912021327;Partners Eiendomsmegling AS
912021459;GAUSTADSKOGEN EIENDOM AS
912021548;RYFYLKE TRANSPORT AS
912022390;FASTLEGE DR. DUSIK AS
912026353;KVALITET MANNSKAP BYGG AS
912027155;HARSTAD DRIFT & SERVICEPARTNER AS
912039668;Sport Outlet Sørlandssenteret AS
912039773;MALMEDALSKLINIKKEN AS
912039889;SKEIE MALERFIRMA AS
912040127;KJØKKEN OG DESIGN AS
912040755;DS BYGG AS
912040925;NORDISKVARME AS
912041166;VERHOEF TECTRANS FLEX SYSTEMS AS
912041212;OPPLEV TROPISK AS
912041271;HEIA-EIENDOM AS
912042472;Morten Larsen
912046982;VETERINÆR MARIE BÅRLI
912049477;FALCON INDUSTRIAL PARTNERS AS
912053199;EAG CONSULTING AS
912054357;MACK ANLEGG & OPPMÅLING AS
912054799;Kirketorget 5 AS
912058166;MUNERIS AS
912062414;DAG EINAR HENNINEN
912066258;VESTSIDEN TANNLEGEKONTOR AS
912068587;HARSTAD DEKKSENTER AS
912069303;RIBER EIENDOM AS
912069443;VIKTOR BYGGTJENESTER AS
912069702;OLTO AS
912070085;Estatum AS
912070824;Osan Næringspark AS
912074161;NORD TROMS MUSEUM AS
912075532;GRENDAHL HOLDING AS
912079007;FN EIGEDOM AS
912084329;RUNE HOLTHE HOLDING AS
912084957;OMP HOLDING AS
912085775;Alex Birger Grieg AS
912086488;MYRE GATEKJØKKEN EIENDOM AS
912086569;KIRKEVEIEN EIENDOM AS
912087018;LEGE EVEN ASKELAND AS
912087387;VS MASKIN VEGARD SELNES
912087921;Høgås Transport AS
912088510;GEIR SERVICE AS
912088707;VEKLAUS KLANG - KVAMMEN LYD OG FREMFØRING
912097293;ÅSTORP EIENDOM AS
912097676;SUNRISE LIVING BJØRN ESPEN WIK
912100138;SCANDINAVIAN TAXI AS
912100642;UGLA AS
912101878;LEIRVIK VARETAXI AS
912104362;PERFECT LINE AS
912105091;MARKEDSSJEFENE AS
912105180;IGLANDSVIK MARINA
912107183;Lira-Bygg AS
912107574;HARDWOODS AS
912108910;NORDLYSBYEN TRAFIKKSKOLE AS
912109356;MYREVÆRING AS
912110761;HAMILTON-GRUPPEN AS
912114074;Kaviarfactory Drift AS
912114945;NORDERHOVSGATEN AS
912115429;LOFOTEN TRUCKSENTER AS
912115976;Salangen-Nyheter AS
912117561;SVEIN HELGES EIENDOM AS
912118312;SPESIALISTKLINIKKEN STEIN DRAGLAND AS
912118606;NORØST RACING AS
912118738;Storgata 56 - Horten AS
912120864;HAALAND BIL AS
912122522;TANNLEGE BØRGE KLYVE AS
912123049;JACK VALLERAUNE AS
912124827;DIN BESTE FRISØR AS
912125424;KYTO AS
912125688;THORA AS
912126323;Jk Flis & Bygg AS
912126447;JOPLASSEN UTVIKLING AS
912126854;LARSENS MOTORSERVICE AS
912128938;KARL INGE SANDTRØEN AS
912129152;STRAND MANUELLTERAPI AS
912129217;GRØNENG AS
912129756;Przemek Bygg Jana
912129802;STATEMENT AS
912130142;Sameiet Reitengrenda
912134792;TEAMX AS
912154718;HAIRWAYS AS
912155366;Moda Hårstudio AS
912158527;BJARKØY HANDEL AS
912159027;MICOS ANALYSE OG RÅDGIVNING AS
912159523;UDELT AS
912159736;TROND SIMONSEN AS
912159833;Veamyr Eiendom AS
912160149;TALLAK TVEIT TRANSPORT AS
912160300;HONG XUAN MEI JING AS
912160319;ART BYGG OG EIENDOM AS
912160734;OLAV GULBRANDSEN AS
912161102;NAVIGATIO AS
912161773;XO Utvikling AS
912162788;UNIMASKIN AS
912163717;BUSS & VOGNTOGSKOLEN AS
912165035;TRODLABOTN BOREINDUSTRI AS
912165590;NORWEGIAN RAIL CONSULTING AS
912165620;AMUNDAL ENERGI AS
912166805;Fremi V/ Frode Fremmerlid
912167135;BØRGE IVERSEN AS
912167429;REIDUN GULBRANDSEN REGNSKAPSKONTOR AS
912167941;THE NORTHERN COMPANY AS
912168441;JOHN JOHANSEN EIENDOM AS
912169235;Hamar Bilpleie Og Bilvask AS
912169286;MONICA'S HÅRSALONG AS
912171973;Ole Jacob Egge
912172090;Maler & Byggtapetserer Holst AS
912172848;IVAR AASENS V 23A AS
912172910;STIG A ARVOLA AS
912174441;PS:DANCE AS
912174832;MM PROFIL AS
912176657;ÅSMUND RENGÅRD TRANSPORT AS
912176800;ADVOKAT DAG BERNTSEN AS
912177033;ADVOKAT JØRGEN RIPLE AS
912177270;EINAR LJOSNES AS
912177637;KVITHOLMEN FISKE AS
912177793;GGH EIENDOM NORDREISA AS
912177947;NEDRE STORGT 21 AS
912178277;BEAUTY BASICS AS
912180212;RANDBY MASKIN AS
912180328;Shoc Lifestyle AS
912180573;MYRNES/SKÅLBONES EIENDOM AS
912181537;Mint Agency AS
912181715;PSV CONSULTING AS
912181944;E2M SERVICES AS
912181960;IDENTITYSTREAM AS
912182460;CARISMA DAME - & HERREFRISØR AS
912182754;Service-Group AS
912185613;SIVERTSEN TREBYGG AS
912186385;HÅLANDSDAL VEKST SA
912187233;PEYMA ENTREPRENØR AS
912187322;BLOMSTERKJELLEREN AS
912188019;Hautra Eiendom AS
912190013;ADVOKAT BIRGIT VINNES AS
912190250;RETT NORD AS
912190641;ÅKP BLUE  INNOVATION ARENA AS
912192091;POLARPLAST AS
912194051;ROYAL PIZZA AS
912194361;BELLAMI AS
912197166;VESTIMENTI AS
912198200;SJØSANDEN EIENDOM AS
912200841;QUANTIDOC AS
912202984;C3 Church Fredrikstad
912203824;A1 TRAFIKKSKOLE AS
912203948;BIMS AS
912206440;LANGLO MASKIN AS
912206599;VAXA INVEST AS
912208109;Nordland Entreprenør AS
912208885;MKB BYGG AS
912209520;ROWENTA AS
912209989;Mariero Holding AS
912211746;BJØRN LUNDBERGET AS
912212254;VANQUISH HOLDING AS
912212696;PrintCo AS
912217485;SUNNHORDLAND ØNH - SENTER AS
912218538;TIND TECHNOLOGIES AS
912221873;MANI MEDIA MALIN NILSEN
912229149;MO BYGG OG BETONG AS
912232387;MASTERY CONSULTING AS
912232441;VELAFINI INVEST AS
912233464;KRYSTIAN BYGG OG REHABILITERING AS
912235556;DETOTAKST AS
912236390;Engenekvartalet Invest AS
912237664;2 PARK TECHNOLOGIES AS
912237710;ALBEMARLE INVEST 2 AS
912241297;Sameiet Vigrestad 76/44
912244474;NWI AS
912245195;OKK-INVEST AS
912245489;LANDÅS PRODUKTER AS
912245659;GAMLE RIKSVEI 112 AS
912247147;PODTOWN AS
912247449;SKOTTNESFISK AS
912249379;Cafe C Haugesund AS
912250423;TANNLEGENE BERGSDAL OG SKULBRU AS
912251632;Behold AS
912255565;VANN OG VARMETEKNIKK AS
912259196;SWIMTAG NORDIC AS
912259226;SKOLEGATA 15 AS
912263770;uab Novikontas TSS NUF
912268101;Bjarne Hall AS
912270440;INDIRA AS
912273032;RIG INSPECTION AS
912273458;Gartnergrossisten AS
912277917;SETREVEGEN 2 AS
912278042;Ratata AS
912279790;NORWEGIAN FJORD VISJON LTD
912282554;FELL AS
912283100;Karlsen Lakksenter AS
912284255;ENERVIT NUTRITION AS
912284573;INSIKTA AS
912285014;Sjømannslege Aleksander D. Olsen AS
912286959;GET 70 AS
912287777;BYGARASJEN BODØ AS
912288536;VETERANBÅTLAG ATLØY
912289443;Sport Outlet Ålesund AS
912291162;ATLE BJØRGE AS
912293394;M HALVORSEN AS
912293653;KMTS AS
912295044;3A EIENDOM AS
912295273;Frillestad Vann Og Avløp
912295435;AURORA GRUPPEN AS
912295524;AURORA BYGG OG ANLEGG AS
912296946;Mellomveien AS
912299279;RUNAR AUSTESTAD
912300552;Go2wine AS
912305597;HALLINGDATA AS
912307263;CAMPUS 5 AS
912309142;OSLAND MASKIN AS
912312151;Fluimix AS
912312917;EBENONISEN STUDIO AS
912313468;TRONDHEIM IDRETTSKLINIKK AS
912315282;FREMMERSVIK AS
912318915;HUMSTAD MASKIN HÅVARD HUMSTAD
912320405;H2 GRILSTAD MARINA AS
912323811;PIONEER MANAGEMENT AS
912324923;A12 EIENDOM AS
912326497;NORTH WINE & SPIRITS AS
912326969;LUBBERS NORWAY AS
912331997;Dorme AS
912337936;GULLSMED ARNE HANSEN AS
912339068;Arnulf Hansen Og Co AS
912339386;EIERSEKSJONSSAMEIET SAGA SENTER
912340309;ALEPPO IMPORT AS
912340589;AKTIV ANLEGGSDRIFT AS
912340694;ARCTIC FOOD AS
912341399;Amok AS
912343464;HAUGE TRAFIKKSKOLE AS
912346552;STILO AS
912347494;G-SENZ MUSIC JENS HJERTØ
912348717;Enerwe AS
912351386;DYREKASSEN AS
912354849;KONGENS GT 18 AS
912355470;TEIGENE BOLIGFELT AS
912356833;ETIENNE AS
912360148;HOPPENSPRETT BARNESKOLE BRÅRUD AS
912361837;FIFTYTWO AS
912363554;OIO EIENDOM AS
912366596;CHRISTIANS AS
912369935;SANDE SØRVIS AS
912370194;Founders Fund I AS
912370666;PSYKOLOG KATRIN HAGEN
912381226;3A EIENDOM 1 AS
912381277;3A EIENDOM 3 AS
912381307;3A EIENDOM 2 AS
912382621;NORKRED EIENDOM AS
912384322;FAST ACCOUNTING AS
912384683;Skårenveien 25 AS
912384829;Technomek AS
912386945;Hoftepluss AS
912386953;KOSTHOLD OG TRENING AS
912388913;John-Egil Berg
912389480;BLOMSTER PIA AS
912391906;FOURC AS
912393283;HOPPENSPRETT HURDAL AS
912394328;HS MONTASJE AS
912394433;SMISTAD MUR OG FLIS AS
912396355;HETO AS
912396509;NORDFJORD ADVENTURE AS
912399001;STODVEITJAN AS
912399818;E. K. HANSEN EFTF. AS
912399966;Aase Gnist AS
912403602;MØRE RØR AS
912406377;Dr. Lind Jørgensen AS
912410943;KBS CONSULT AS
912413136;GLOBAL CAPITAL AS
912414116;AKSEL L HANSSON AS
912414329;SERVICEPARTNER HELGELAND AS
912415074;BJARNE BETJENT AS
912415503;FH TRANSPORTSERVICE AS
912418154;Fotograf Ida M. Skeie
912419452;FAVNE PSYKOLOGBISTAND AS
912421252;Westreng Holding AS
912426521;WEST ATLANTIC AS
912428532;ASTAFJORD INDUSTRIER AS
912430278;BLIKK ØYEKLINIKK AS
912432394;N33 Holding AS
912432483;AD FONTE KLINIKKEN WELLE
912434443;SPONDYLOARTRITTFORBUNDET NORGE
912435091;KINESISK HILLEVÅG TA MED HJEM AS
912435504;KVANTO SERVICE AS
912435814;Eierseksjonssameiet Sagdalen Park
912437019;BERGERSEN BIL OG KAROSSERI AS
912440761;TRENMER.NO AS
912441997;SVENDSEN HOLDING AS
912444147;TUFT OG OMEGN VANNFORSYNING SA
912444465;Bodø Gårdeierforening
912444996;KIM JOHANNESEN AS
912445186;ÅSS 2'AN FRISØR AS
912445798;OMSÅSEN UTVIKLING AS
912446417;BYGGMESTER HELLE AS
912449386;Bygg Og Boligutvikling AS
912451194;AKSEL JERMSTAD AS
912451410;Kotnem AS
912454797;LYNGBLOMEN AS
912456951;MINIMEIS AS
912461637;Uni-Profil AS
912462374;Heggeodden Boligsameie
912467783;DOG ACTIVITIES AS
912468003;Trønderlås Vikestad
912469948;HOLON AS
912470490;SKILTLOS AS
912474089;ERLANDSEN HOTELLDRIFT - OLE JOHNNY ERLANDSEN
912476618;Sport Norge Sletten AS
912478157;FRISK BRIS HOLDING AS
912478246;SMART START AS
912480011;SPARK AS
912484181;Advokat Astrid Bolstad
912485056;LFW INVEST AS
912490866;DREYFUSHAMMARN 35 AS
912490939;PLATA EIENDOM AS
912492222;Cappadocia Kafê & Restaurant AS
912492931;Haugesunds Høvleri & Trælastforretning AS
912494489;TERJE ENGVIK AS
912495159;WANG AUTOMOBILFORRETNING AS
912504875;DLS INVEST AS
912505553;NÆSS RESTAURANT DRIFT
912506924;ROBIN HOOD HOLDING AS
912507270;RIVERLAND AS
912513718;RBTO AS
912513866;SYDSÆTHER HOLDING AS
912513955;Vågsgata Legesenter AS
912517357;VIVELSTAD HOLDING AS
912517438;DEKK OG FELGSERVICE AS
912517543;GMI EIENDOM AS
912517772;SVENDSEN KRAN OG TRANSPORT AS
912521036;KARAASLAN AS
912522342;MARIUS GANGSØ BEKKEVOLD
912522547;Galleri Lofoten AS
912533034;MOTOR & GENERATOR SERVICE AS
912533603;ADVOKAT LINDA BREVIK AS
912534839;ARTA DESIGN RREZARTA DRESHAJ
912536270;HV VI INVEST GIBA AS
912536394;NORD WELL AS
912538451;Dmv Service AS
912538958;KOMPETANSELOFTET AS
912540863;HELSEAPPS AS
912540898;KE ENTREPRENØR AS
912541789;IRENE LANDFALD
912542580;ANNE MARTE KRØVEL-VELLE
912542947;Lunsjtid AS
912544060;LIER GRAVING OG TRANSPORT AS
912544257;NEMUS KONGSVINGER AS
912544443;A & P HOLDING AS
912544699;THM INVEST AS
912544729;KLEIVAN UTVIKLING AS
912546349;HARRY PEPPER TEQUILA IMPORT AS
912546896;ENERIN AS
912547531;TAMBUREN AS
912547558;KPH INVEST AS
912547892;LSALONG V/ LINN SILJE HEMBRE
912548260;M. ELLINGSEN EIENDOM AS
912548686;MALERMESTER VINTERSTAD AS
912550451;FRISØRSTUA VADSØ AS
912551652;Din Mestring Aarø
912551865;GARD DRIFT AS
912552853;Sverres Gate 9 AS
912555534;ARLI INVEST AS
912555585;MESTERBYGG FAUSKE AS
912556263;KARETE& AS
912556905;ESPEDAL
912557642;Kjemperud AS
912561259;ARCTIC REIN OG VILT AS
912563944;K.E.M. Bemanning AS
912565408;DUSZA BYGGTJENESTER
912568490;KREATIVHUND AS
912569888;SKYTTA HOLDING AS
912570398;ONESAFE SOLUTIONS AS
912571246;GAMLE NABO AS
912571424;Eierseksjonssameiet Langebåtveien 132
912572129;SØR INTERIØR SERVICE AS
912572307;FRIPPY PROSJEKT AS
912573362;KAOS NORGE AS
912574784;GETSHOP AS
912575586;ASAMEDIC AS
912575632;JØRGEN CHRISTENSEN LEGEVIRKSOMHET
912579565;JONS MINDE EIENDOM AS
912580016;SILIKAL NORGE AS
912580857;MOTITECH AS
912582116;BGR AS
912582949;UL VÅRSOL
912584046;OLE CHRISTOFFER ERTVAAG
912585301;MOLOVEIEN 12 AS
912585379;MOLOVEIEN 20 AS
912586049;Kvænangen Næringsfabrikk AS
912587576;AMPM AS
912588777;SOLKILDEN AS
912594467;KIDSA SANDGOTNA AS
912594483;KIDSA LADEGÅRDEN AS
912595870;SKINNES TRANSPORT
912596907;SUNDREVEGEN 95 EIERSEKSJONSSAMEIE
912597598;STASJONSVEIEN EIENDOM AS
912597768;FALKENBERG SERVICE AS
912598012;FUN2RUN AS
912602486;NAILARTS ERZSEBET SZOLLOSI
912602524;GT SERVICEBEDRIFT AS
912603229;HAUGALAND INDUSTRITJENESTER AS
912603865;BRATTØRA SNEKKERI AS
912604918;OI KOKTELO AS
912608662;XTRAMILE AS
912610160;HAMMER & KOLAAS AS
912610403;Cic Property AS
912610411;SAMEIET TOLLEVIKBERGAN 1
912612376;LAGERSJEFEN AS
912612740;CONTINUED AS
912615774;HOLE RØRLEGGERBEDRIFT AS
912617246;GEIR AAGE SVEEN AS
912622851;VIGANESET INDUSTRITOMT AS
912626865;ØRENS MEIERI AS
912627721;GJS EIENDOM AS
912628752;BP ENTREPRENØR AS
912632512;Magnat AS
912634019;NARVIK DYREBUTIKK AS
912634302;J.R THAIMAT AS
912634531;SB2 INDUSTRI AS
912635058;BELLA NAPOLI ØRNES AS
912636399;MARIELL BJØRGE TYSSE
912636879;ANDER AS
912637107;Rova AS
912638316;JØLSTRAMUSEET AS
912639762;Flesland Bil AS
912642275;SNACKSNORD AS
912646165;AUTOSENTRUM NORGE AS
912652920;TRYSIL GJESTEHYTTE AS
912653617;SVENDSEN HEIMSTAD MARITIME
912655830;Ljosland Vest Velforening
912661733;HALLINGDAL ENTREPRENØR AS
912667758;EIMEALT AS
912669114;DIALOG EXE AS
912670694;GRØNN BYGGUTVIKLING AS
912672565;SIKTERIGATA 4 AS
912673529;SKOGSFJORDINGEN AS
912674258;MALER BJØRVIK AS
912674916;FAGERNES UTVIKLING BERGEN AS
912677478;RUT NYHEIM CREATIVE
912678741;Leabøen AS
912682080;CHOCOLOCO AS
912682439;MODERNE UTEROM AS
912682633;T & E Eiendom AS
912683737;Lamo's Salong AS
912685780;LUNA BYGG AS
912686043;RESTDB AS
912686086;STORE ELVEGATE 25 AS
912688976;SUPERSKI AS
912689646;INTERIØRMONTØR KOSTIC
912694011;LIEMEK AS
912694097;RAGNHILD RAJALA LAUTZ EIENDOM
912694127;TACTIC REAL-TIME MARKETING AS
912699447;QVINGRA AS
912699951;DYRLEGENE BODØ BUTIKK AS
912700615;HESTEMYRVEIEN AS
912703398;LIVSROM AS
912703576;REOLHANDLING AS
912704165;WEBSTYLER AS
912715825;Trh Utvikling AS
912715868;SRB SPORT AS
912716880;Asknfoyn AS
912717860;DYREFOREXPRESSEN AS
912719855;SMARTE ENERGI SYSTEMER NORGE AS
912722961;EIDSKOG NATURBARNEHAGE SA
912723119;SMITT & SMULE EIENDOM AS
912737551;MANAGE AS
912738418;LU CONSULT AS
912749835;THAI CATERING & KIOSK AS
912751775;Thv. L. Holm AS
912754170;Seksjonssameiet Pir7
912755061;3A EIENDOM 4 AS
912756424;Fast Regnskap DA
912757021;North Bridge Boligutvikling AS
912763692;NORDVESTPROFIL AS
912763765;NUT KOMMUNIKASJON AS
912768333;KVITBERGET EIENDOM AS
912772276;Bjarkøy Brygge AS
912773698;LOTMA ADVISORY AS
912775550;EIDE BÅTFORENING
912777111;Beco-Sport/Swimtag International AS
912783014;TRYGG BILVERKSTED AS
912784509;ØYSAND KOLONIHAGEUTBYGGING AS
912784819;DEEPWATER NORWAY AS
912786374;BAREN FØRSTE AS
912790266;Super Renhold AS
912790541;Nærbø Bakeri & Konditori AS
912794148;SAFE AT ROAD AS
912797252;SANDVIGEN TRADING AS
912797589;DIN BYGGPARTNER AS
912798208;A NEW TYPE OF INVESTMENT AS
912799719;Hans K Bjørnstad Jensen
912800172;Brun Holding AS
912800261;R. NIKOLAISEN AS
912800687;NO BYGG ANLEGG AS
912800881;SENTRUM KEBAB AS
912801349;4Consult AS
912801373;DITEC HOLDING AS
912804836;INNBJOA KAI EIGEDOM AS
912806693;VEGA SCENE AS
912807037;Z BYGG & EIENDOM AS
912808467;Arli Eiendom AS
912811913;KRISTINE LARSEN
912812227;BOLIGTAKST MIDT NORGE AS
912814904;Haakon Den Gode AS
912820092;Smitek AS
912821838;J E HOVDE AS
912823296;URBAN JUNGLE AS
912823369;FELLES FILM AS
912823881;EVENTUS MIDTUN BARNEHAGE AS
912823970;MYNT OG EIENDOM BESSAKER AS
912824233;LOFOTEN SEA SERVICE AS
912827216;BILFOLIERING AS
912827887;MAZAR AS
912828719;MOMENT BOLIG AS
912828980;SJA ADAMIEC
912829197;CCHANGE AS
912830578;VIPER FILM AS
912835251;SUNT HÅR AS
912835405;BOHLIN HOLDING AS
912835790;Mid Market Feeder AS
912836398;TTT INVESTERINGER AS
912837653;JOHANNES LØNVIK AS
912838889;Lade Alle Utvikling AS
912845133;Gutzeitsgate 4 AS
912846261;VASK OG RENS EIENDOM AS
912847438;SEENEW AS
912847462;FLEXEVENTS AS
912849368;ØSTERVOLD SEISMIKK AS
912851532;Chinvestment AS
912853535;Strandvik Torget AS
912854736;ARENTZ INVEST AS
912858839;ELJE BILLINGSTAD AS
912860647;FELL GROUP AS
912863425;BYVERKSTEDET
912864596;KJØPMANNSGATA 7 TRONDHEIM AS
912864898;Vaksineklinikken AS
912864936;CEDA EIENDOM AS
912865142;EXPERT FLYTTEBYRÅ AS
912867811;PIA KRISTIN SØRLIE
912868052;Novatek Eiendom AS
912868966;HILLEIK AS
912872122;FYRESDAL NÆRINGSHAGE AS
912873528;STREKEN UTLEIE AS
912875040;FALCH MARINE AS
912876071;Henriette Hugvik Haugen
912876373;Snuffel AS
912879119;OPSAHL DRIFT AS
912879496;FINNSNES HANDELSPARK AS
912879852;Sven Erik Johansen Transport AS
912880788;ØSTERSKOGEN 48 AS
912880818;STORGT 11 GRIMSTAD AS
912880834;STORGT 12 GRIMSTAD AS
912880869;STORGT 18 GRIMSTAD AS
912883132;GAMLE FORUSVEI 11 AS
912884791;Hallingdal Opplæringskontor Sa
912884961;Global Office AS